　旺卡,magnet:?xt=urn:btih:d1ef7fe2d74cd3ece483116540808d85ddca330a&dn=[电影天堂www.dytt89.com]旺卡-2023_BD中英双字.mp4&tr=http://t.t789.me:2710/announce&tr=http://t.t789.co:2710/announce&tr=http://t.t789.vip:2710/announce
　刀尖,magnet:?xt=urn:btih:16b50a590b3aaf1752f4611174dc23cb9a938dd6&dn=[电影天堂www.dytt89.com]刀尖-2023_HD国语中英双字.mp4&tr=http://t.t789.me:2710/announce&tr=http://t.t789.co:2710/announce&tr=http://t.t789.vip:2710/announce
　涉过愤怒的海,magnet:?xt=urn:btih:9f27d2b9885bb4f154848cf4eb4917acbfe60167&dn=[电影天堂www.dytt89.com]涉过愤怒的海-2023_HD国语中英双字.mp4&tr=http://t.t789.me:2710/announce&tr=http://t.t789.co:2710/announce&tr=http://t.t789.vip:2710/announce
　拿破仑,magnet:?xt=urn:btih:710690252cb0bdb2f4461527c5e62697ab6b83b3&dn=[电影天堂www.dytt89.com]拿破仑-2023_BD中英双字.mp4&tr=http://t.t789.me:2710/announce&tr=http://t.t789.co:2710/announce&tr=http://t.t789.vip:2710/announce
　热搜,magnet:?xt=urn:btih:08ca3e2ba5427927ad310718232d9d022bfc8714&dn=[电影天堂www.dytt89.com]热搜-2023_HD国语中字.mp4&tr=http://t.t789.me:2710/announce&tr=http://t.t789.co:2710/announce&tr=http://t.t789.vip:2710/announce
　无价之宝,magnet:?xt=urn:btih:7346a527dda49c2959ad683c55365df5d11bb39b&dn=[电影天堂www.dytt89.com]无价之宝-2023_HD国语中字.mp4&tr=http://t.t789.me:2710/announce&tr=http://t.t789.co:2710/announce&tr=http://t.t789.vip:2710/announce
　画江湖之天罡,magnet:?xt=urn:btih:0e1aa9a05052d4c5cb4015777086ce4719e62a70&dn=[电影天堂www.dytt89.com]画江湖之天罡-2023_HD国语中字.mp4&tr=http://t.t789.me:2710/announce&tr=http://t.t789.co:2710/announce&tr=http://t.t789.vip:2710/announce
　}L士星矢 The Beginning,magnet:?xt=urn:btih:39cff09e41ff15441aeb3e108b81d07c3929dbb7&dn=[电影天堂www.dytt89.com]圣斗士星矢 真人版-2023_BD中英双字.mp4&tr=http://t.t789.me:2710/announce&tr=http://t.t789.co:2710/announce&tr=http://t.t789.vip:2710/announce
　二手杰作,magnet:?xt=urn:btih:dfdd2f8da0c776cb974b5d5670f144d4b81ad1ae&dn=[电影天堂www.dytt89.com]二手杰作-2023_HD国语中字.mp4&tr=http://t.t789.me:2710/announce&tr=http://t.t789.co:2710/announce&tr=http://t.t789.vip:2710/announce
　拯救嫌疑人,magnet:?xt=urn:btih:0d4508809a7823b5f6dfb616502a595bdc5b59f7&dn=[电影天堂www.dytt89.com]拯救嫌疑人-2023_HD国语中字.mp4&tr=http://t.t789.me:2710/announce&tr=http://t.t789.co:2710/announce&tr=http://t.t789.vip:2710/announce
　坠落的审判,magnet:?xt=urn:btih:a5b32b7faad971860317f112a507305616ee5d25&dn=[电影天堂www.dytt89.com]坠落的审判-2023_BD中字.mp4&tr=http://t.t789.me:2710/announce&tr=http://t.t789.co:2710/announce&tr=http://t.t789.vip:2710/announce
　坚如磐石,magnet:?xt=urn:btih:82102df87c115d5850ce7b172701487f88e68231&dn=[电影天堂www.dytt89.com]坚如磐石-2023_HD国语中英双字.mp4&tr=http://t.t789.me:2710/announce&tr=http://t.t789.co:2710/announce&tr=http://t.t789.vip:2710/announce
　好像也没那么热血沸腾,magnet:?xt=urn:btih:d035094321eca3e362a227ae510056ad2607f250&dn=[电影天堂www.dytt89.com]好像也没那么热血沸腾-2023_HD国语中字.mp4&tr=http://t.t789.me:2710/announce&tr=http://t.t789.co:2710/announce&tr=http://t.t789.vip:2710/announce
　一个和四个,magnet:?xt=urn:btih:387f65a195bbc804a6cfa8018dd3cb265d792882&dn=[电影天堂www.dytt89.com]一个和四个-2021_HD国语中字.mp4&tr=http://t.t789.me:2710/announce&tr=http://t.t789.co:2710/announce&tr=http://t.t789.vip:2710/announce
　困兽,magnet:?xt=urn:btih:d4fe2a6a63e55cba24a0a8a22b6de56e590d9f8e&dn=[电影天堂www.dytt89.com]困兽-2023_HD粤语中字.mp4&tr=http://t.t789.me:2710/announce&tr=http://t.t789.co:2710/announce&tr=http://t.t789.vip:2710/announce
